id;firstname;lastname;email;phone
1;mobile Fish;Home Loan Account Table Computer;Jadon_Streich@gmail.com;1-760-097-8920
2;Officer;methodology Albania;Alba_Greenfelder@yahoo.com;102.932.4076
3;syndicate;Mississippi Refined Rubber Chicken Table;Adonis_White56@gmail.com;330-026-2461 x64801
4;incentivize Tuna copy;Costa Rica Mayotte;Alexandrea_Wisozk44@gmail.com;1-389-579-3051 x50938
5;compress South Georgia and the South Sandwich Islands;compelling mission-critical;Doug80@yahoo.com;009.473.1200
6;magenta monitor 1080p;Unbranded Plastic Tuna Frozen;Rossie.Mueller@hotmail.com;(033) 636-7562
7;Mississippi embrace Developer;synthesize Idaho compress;Aliza.Lebsack11@yahoo.com;412-086-4355
8;Corporate Phased relationships;white Brand Money Market Account;Caroline_Thompson80@hotmail.com;(618) 482-1488
9;projection Fresh;support Gorgeous;Luz81@gmail.com;830.155.4426
10;encompassing;Directives;Dagmar_Larson@gmail.com;309-292-2647 x312
