id;street;street_number;postal_code;city
1;Wilderman Shoals;hardware Venezuela Wisconsin;SDD disintermediate reinvent;Gleichnerborough
2;Hilpert Meadow;matrix calculating;Arkansas Intelligent Credit Card Account;Hermistonland
3;Eleazar Fork;portal calculating Metal;real-time discrete redundant;Gaylordhaven
4;Arnaldo Plain;Beauty Auto Loan Account;deposit;Graciefort
5;Sheridan Cape;Tools California;North Dakota Garden;East Karen
6;Smitham Wall;TCP Assimilated;compressing;South Brandy
7;Rhett Heights;composite Orchestrator Club;Intelligent Granite Shirt Peru deposit;Brennonshire
8;Michael Walk;Licensed Cotton Ball;mindshare Gorgeous;East Vinceton
9;Powlowski Street;paradigms Salad Table;Optimized;Lake Christfurt
10;Nienow View;Buckinghamshire payment e-markets;paradigms Organic strategic;Cartertown
